fecha,hora,token,cadena,contrato,mc_usd,pct_24h,holders,thesis_count,thesis_por_1000_holders,var_thesis_vs_ayer,overhang_snipers_pct,liq_pct,top10_pct,ventana_1D_verificada,nota
2026-09-08,00:25,MarsCoin,bnb,0xfe189e97832da1573e4e4ff034f4ffc3a15c7777,147100000,-8.95,46000,11600,252.17,s/d,1.5,0.88,13.29,SI,3 de 20 holders con entrada <10% del MC
2026-09-08,00:25,ICOIN,robinhood,0x5d6ef090a1461b11c9427ac319260122d1c61e18,7200000,36.95,5000,1517,303.40,s/d,5.3,6.24,17.10,SI,5 de 20
2026-09-08,00:25,PROLOGUE,robinhood,0xb9972ca7188e511174947e3936a5315ac7073277,10300000,40.14,7000,1314,187.71,s/d,1.9,3.99,14.66,SI,1 de 20 (inyourwalls); edad sigue sin dato
2026-09-08,00:25,CATE,solana,s/d,28100000,-12.46,117000,779200,6660.68,s/d,0.0,3.56,11.55,SI,0 de 20; thesis count anomalo (779K) — verificar si fomo cuenta tesis o comentarios
2026-09-08,00:25,CETS,bnb,s/d,16200000,-12.92,9000,3665,407.22,s/d,19.8,1.76,24.44,SI,14 de 20: overhang mas alto del universo; liq <2%
2026-09-08,00:25,FATCOIN,robinhood,0x12d5ee7917ca430073c3a638ee1e6f0648a98a01,16600000,-1.79,9000,2459,273.22,s/d,3.0,3.33,12.45,SI,3 de 20; 6 dias
2026-09-08,00:25,microduck,robinhood,s/d,19500000,-14.26,19000,11600,610.53,s/d,7.0,1.93,23.71,SI,7 de 20; liq <2%
2026-09-08,00:25,PONS,robinhood,0x39dbed3a2bd333467115de45665cc57f813c4571,695700000,-10.05,83000,7022,84.60,s/d,3.7,1.00,39.04,SI,"11 de 20 (unipcs, AJC, theveeman...); liq 1.0%"
2026-09-08,00:25,STONK,solana,6GmAFSYs4gk3FDao5FzzySQpPZaWsa4rUJHacpMpUNgx,174500000,46.44,33000,8821,267.30,s/d,13.1,1.72,18.11,SI,13 de 20; liq <2%
2026-09-08,07:43,MarsCoin,bnb,0xfe189e97832da1573e4e4ff034f4ffc3a15c7777,134200000,-22.08,46000,11700,254.35,s/d,1.5,0.82,13.29,SI,"3 de 20 (smokey0x, NoGiOlMoKiNi, MoneyLord); liq baja"
2026-09-08,07:44,ICOIN,robinhood,0x5d6ef090a1461b11c9427ac319260122d1c61e18,6000000,25.88,5000,1541,308.20,s/d,5.3,6.95,17.10,SI,"5 de 20 (FartmanSacks, picadura, Natan_benish, staopid1, cryptostasher)"
2026-09-08,07:45,PROLOGUE,robinhood,0xb9972ca7188e511174947e3936a5315ac7073277,8200000,7.66,7000,1318,188.29,s/d,1.9,4.74,14.71,SI,"1 de 20 (inyourwalls, avg entry $554.9K MC)"
2026-09-08,07:45,CATE,solana,Ai66LHZG9MCzg1WKdawwqduVAXpNDUuV8M3uyq5ppump,25100000,-18.14,117000,780400,6670.09,s/d,0.0,4.38,11.35,SI,"0 de 20 (ningún holder del top20 entró bajo el 10% del MC actual); thesis_count muy alto por hype (780K theses)"
2026-09-08,07:45,CETS,bnb,0xb0c2ab5af4028461ace3f6e1c33a4ee1404e7777,12100000,-39.72,9000,3733,414.78,s/d,19.8,2.02,24.44,SI,"14 de 20 (MemeKingdom, Drillpig_, admiralfinest, vydamo_, dtrain22k, theveeman, cetsisgoldcats, AdamZiz, imim, dormant_cell, huhuhu69420, zukohere, frizzaud, woody6969); overhang de snipers muy alto"
2026-09-08,07:46,FATCOIN,robinhood,0x12d5ee7917ca430073c3a638ee1e6f0648a98a01,14200000,-33.17,9000,2498,277.56,s/d,2.6,3.56,12.70,SI,"2 de 20 (0xSisyphus, DipWheeler)"
2026-09-08,07:46,microduck,robinhood,0xd5f1afea47b1a9eab414d2ee740cf1d6d039e725,20300000,-7.73,19000,11600,610.53,"0 (aprox; mismo valor redondeado que ayer, 11.6K)",7.2,1.89,23.80,SI,"7 de 20 (Eagle_0X, XbtPika, Y0u_andme, JakeAndBakeMVHQ, CHIT, WideWispySkink, trenchtomm)"
2026-09-08,07:46,PONS,robinhood,0x39dbed3a2bd333467115de45665cc57f813c4571,726400000,-11.25,84000,7090,84.40,+68,3.7,1.09,39.30,SI,"11 de 20 (unipcs, cosby, AvgJoesCrypto, RugDalio, lordarbiter, 0xnobi, carlwheezor, kyle, kingofgotham, theveeman, Samisa_btc)"
2026-09-08,07:47,STONK,solana,6GmAFSYs4gk3FDao5FzzySQpPZaWsa4rUJHacpMpUNgx,139800000,17.80,33000,8963,271.61,+142,12.2,2.07,17.90,SI,"12 de 20 (pointfarmcap, The__Solstice, theveeman, RZDxbt, TheDazzleNovak, TheOnlyOMP, Pyro, 0xElyy, xbtDLN, motiyawerey, retardedgains, buggyllama)"
2026-09-09,07:42,MarsCoin,bnb,0xfe189e97832da1573e4e4ff034f4ffc3a15c7777,133200000,-0.80,47000,11900,253.19,+200,1.5,0.98,13.29,SI,"3 de 20 (smokey0x, NoGiOlMoKiNi, MoneyLord); thesis_count abreviado por UI (11.9K)"
2026-09-09,07:44,ICOIN,robinhood,0x5d6ef090a1461b11c9427ac319260122d1c61e18,6300000,1.75,6000,1679,279.83,+138,5.2,6.80,17.37,SI,"5 de 20 (FartmanSacks, picadura, Natan_benish, staopid1, cryptostasher)"
2026-09-09,07:44,CATE,solana,Ai66LHZG9MCzg1WKdawwqduVAXpNDUuV8M3uyq5ppump,46400000,85.39,117000,793400,6781.20,+13000,2.8,2.59,11.94,SI,"1 de 20 (PoorGoat_); thesis_count muy alto por hype (793.4K), consistente con lecturas previas"
2026-09-09,07:45,PROLOGUE,robinhood,0xb9972ca7188e511174947e3936a5315ac7073277,7100000,-12.47,7000,1340,191.43,+22,1.9,5.06,15.25,SI,"1 de 20 (inyourwalls, avg entry $554.9K MC)"
2026-09-09,07:46,PONS,robinhood,0x39dbed3a2bd333467115de45665cc57f813c4571,774500000,6.86,88000,7459,84.76,+369,3.7,1.19,38.11,SI,"11 de 20 (unipcs, cosby, AvgJoesCrypto, RugDalio, lordarbiter, 0xnobi, carlwheezor, kyle, kingofgotham, theveeman, Samisa_btc)"
2026-09-09,07:46,STONK,solana,6GmAFSYs4gk3FDao5FzzySQpPZaWsa4rUJHacpMpUNgx,177300000,28.51,37000,9915,267.97,+952,10.9,2.15,17.97,SI,"13 de 20 (pointfarmcap, theveeman, 0xdetweiler, RZDxbt, TheDazzleNovak, TheOnlyOMP, Pyro, 0xElyy, xbtDLN, motiyawerey, retardedgains, buggyllama, WashedUpWalter)"
2026-09-10,07:43,MarsCoin,bnb,0xfe189e97832da1573e4e4ff034f4ffc3a15c7777,103900000,-22.68,46000,12100,263.04,+200,1.5,1.06,13.49,SI,"3 de 20 (smokey0x $388.7K MC, NoGiOlMoKiNi $10.4M MC, MoneyLord $7.1M MC); thesis_count abreviado por UI (12.1K)"
2026-09-10,07:44,CATE,solana,Ai66LHZG9MCzg1WKdawwqduVAXpNDUuV8M3uyq5ppump,65100000,42.00,120000,811800,6765.00,+18400,3.4,2.15,12.17,SI,"3 de 20 (PoorGoat_ $3.5M MC, Bayc364 $6M MC, Erika0616 $4.8M MC); thesis_count abreviado por UI (811.8K)"
2026-09-10,07:45,PROLOGUE,robinhood,0xb9972ca7188e511174947e3936a5315ac7073277,7400000,2.30,7000,1372,196.00,+32,1.9,5.13,15.47,SI,"1 de 20 (inyourwalls, avg entry $554.9K MC)"
2026-09-10,07:46,BREW,bnb,0xfa6d9b504848606eb9aec04ccc161d169b3f2159,13300000,101.55,12000,14000,1166.67,s/d,4.5,3.11,24.76,SI,"primera vez en fichas-E; 4 de 20 (bigwarzeth $42.6K MC, WideAwareTakin $852.1K MC, freyaa $329.7K MC, athathath10 $57.3K MC); token de 4 días, ether_monk agrandando (avg entry actual $7.5M, ver B1 fomo-B)"
2026-09-10,07:46,PONS,robinhood,0x39dbed3a2bd333467115de45665cc57f813c4571,567600000,-26.82,89000,7772,87.33,+313,3.2,1.04,38.57,SI,"10 de 20 (unipcs, AvgJoesCrypto, RugDalio, lordarbiter, 0xnobi, carlwheezor, kyle, kingofgotham, theveeman, Samisa_btc); cosby salió del umbral (entry $59.6M MC > 10% MC actual $56.76M)"
2026-09-10,07:47,STONK,solana,6GmAFSYs4gk3FDao5FzzySQpPZaWsa4rUJHacpMpUNgx,171500000,-2.27,43000,11300,262.79,+1385,12.4,2.27,18.04,SI,"13 de 20 (pointfarmcap, The__Solstice, theveeman, RZDxbt, TheOnlyOMP, TheDazzleNovak, Pyro, 0xElyy, xbtDLN, motiyawerey, buggyllama, retardedgains, WashedUpWalter); 0xdetweiler salió del umbral (entry $19.2M MC > 10% MC actual $17.15M)"
2026-09-12,08:44,AI,robinhood,0x2e8c31162b855a2ffa90f6f8634643ad6f111e18,315500000,34.95,42000,9078,216.14,s/d (primera fila para AI),16.5,1.46,16.57,SI,"16 de 20 holders con entrada <10% del MC actual ($31.55M); posicion recien incorporada al portafolio (11-sep)"
2026-09-12,08:45,MarsCoin,bnb,0xfe189e97832da1573e4e4ff034f4ffc3a15c7777,122800000,-1.12,47000,12500,265.96,+400,1.25,1.06,13.43,SI,"3 de 20 (smokey0x $388.7K MC, NoGiOlMoKiNi $10.6M MC, MousePad $5.7M MC)"
2026-09-12,08:46,SPACEHOOD,robinhood,0xfe7e19cbce2f896c6c528bc355baf5a768291e18,3800000,-10.39,4000,1941,485.25,s/d (primera fila para SPACEHOOD),3.22,7.86,17.93,SI,"3 de 20 (DegenToDisciple $267.3K MC, Natan_benish $99.4K MC, HardcoreHenry74 $344.7K MC); posicion recien incorporada (11-sep, ejecucion de mapa 23)"
2026-09-12,08:46,TENDIES,robinhood,0x45242320dbb855eea8fd36804c6487e10e97fcf9,15700000,-19.18,19000,2593,136.47,s/d (primera fila para TENDIES),0.0,2.98,15.64,SI,"0 de 20 (todos los holders no-equipo tienen entrada > 10% del MC actual $1.57M); fila de equipo (Stacco, $37.6K) excluida del ranking; posicion recien incorporada (11-sep)"
2026-09-12,08:47,memestock,bnb,0x6ff45323817d1d53bbb8a8dfba9245ae74057777,7100000,-15.96,7000,8764,1252.0,s/d (primera fila para memestock),23.79,2.63,23.96,SI,"11 de 20 (PoorGoat_, MoEthWhale, navi9000x, patrickb0x, rebelwithsnacks, ImChizx, CryoPalmar, boosteryting, 1aboc, letsgopenguin, solgavvv); thesis_count muy alto por hype reciente (token de 1 mes, comunidad activa)"
2026-09-12,08:47,CATE,solana,Ai66LHZG9MCzg1WKdawwqduVAXpNDUuV8M3uyq5ppump,40900000,-15.71,120000,829900,6915.83,+18100,2.85,3.18,12.26,SI,"1 de 20 (PoorGoat_ $3.5M MC); menos holders bajo el umbral que ayer por caida del MC (umbral 10% bajo a $4.09M)"
2026-09-12,08:48,BREW,bnb,0xfa6d9b504848606eb9aec04ccc161d169b3f2159,17500000,-23.90,13000,19400,1492.31,+5400,4.52,2.81,24.49,SI,"4 de 20 (bigwarzeth $42.6K MC, WideAwareTakin $852.1K MC, freyaa $329.7K MC, athathath10 $57.3K MC), mismo grupo que ayer; José vendió su posición de BREW mas tarde en la corrida (~09:01, ver nota de control-perdedores)"
2026-09-12,08:49,PONS,robinhood,0x39dbed3a2bd333467115de45665cc57f813c4571,633100000,7.24,92000,8141,88.49,+369,3.68,1.33,39.94,SI,"11 de 20 (unipcs, cosby, AvgJoesCrypto, RugDalio, lordarbiter, 0xnobi, carlwheezor, kyle, kingofgotham, theveeman, Samisa_btc), mismo grupo que el 9-sep (cosby volvió a entrar bajo el umbral al subir el MC)"
2026-09-12,08:49,STONK,solana,6GmAFSYs4gk3FDao5FzzySQpPZaWsa4rUJHacpMpUNgx,232800000,0.61,62000,13300,214.52,+2000,13.24,1.72,18.05,SI,"13 de 20 (pointfarmcap, The__Solstice, theveeman, 0xdetweiler, TheOnlyOMP, RZDxbt, TheDazzleNovak, Pyro, 0xElyy, xbtDLN, motiyawerey, buggyllama, retardedgains), mismo grupo que ayer"
2026-09-13,08:43,牛来,bnb,0xbeea1d618e533a387d941f58a7d4c9b7bd377777,129300000,-2.68,68000,10800,158.82,"s/d (primera fila para 牛来)",5.8,1.39,10.40,SI,"8 de 20 (Quanterty $1.75M, 397397 $1.45M, fmpumpguy $1.25M, trencHog8 $873.5K, GuavaGuy2001 $750.9K, Rowdy $661.6K, Dxranteth $507.7K, NDF_Sonar_trade $236.8K); thesis_count aproximado (tab mostraba 10.8K)"
2026-09-13,08:45,AI,robinhood,0x2e8c31162b855a2ffa90f6f8634643ad6f111e18,240500000,-23.87,44000,9368,212.91,"s/d (primera fila para AI)",12.1,0.71,16.67,SI,"12 de 20 (DumbCrayonEater $7.11M, Natan_benish $4.48M, brrrgrrrz $3.21M, SolSwizzle $2.67M, LP1111 $2.01M, aki11a $1.79M, jotagezin $1.77M, inyourwalls $1.47M, picadura $1.40M, soby0x $1.40M, TheGasChad $869K, cryptochi3f_ $849K)"
2026-09-13,08:46,BOW,robinhood,0x451b42a15100c340ca12f7c66de06fac5ea2d751,6300000,-24.95,7000,1222,174.57,"s/d (primera fila para BOW)",3.5,3.74,34.16,SI,"2 de 20 (0xCryptoSaiyan $148.6K, bjornXBT $70.7K)"
2026-09-13,08:46,MarsCoin,bnb,0xfe189e97832da1573e4e4ff034f4ffc3a15c7777,107200000,-12.55,47000,12600,268.09,"s/d (primera fila para MarsCoin)",1.2,1.03,13.44,SI,"3 de 20 (smokey0x $651K, NoGiOlMoKiNi $548.9K, MousePad $136.2K)"
2026-09-13,08:47,SPACEHOOD,robinhood,0xfe7e19cbce2f896c6c528bc355baf5a768291e18,3400000,-10.11,4000,1979,494.75,"s/d (primera fila para SPACEHOOD)",2.8,8.21,26.98,SI,"2 de 20 (DegenToDisciple $68.9K, Natan_benish $26.8K)"
2026-09-13,08:47,TENDIES,robinhood,0x45242320dbb855eea8fd36804c6487e10e97fcf9,13800000,-11.85,19000,2612,137.47,+19,0.0,2.95,15.65,SI,"0 de 20 (todos los holders no-equipo tienen entrada > 10% del MC actual $1.38M); fila de equipo (Stacco, $33.1K) excluida del ranking"
2026-09-13,08:48,memestock,bnb,0x6ff45323817d1d53bbb8a8dfba9245ae74057777,5800000,-18.24,7000,8957,1279.57,+193,18.8,2.91,23.96,SI,"9 de 20 (PoorGoat_, navi9000x, rebelwithsnacks, ImChizx, CryoPalmar, boosteryting, 1aboc, letsgopenguin, solgavvv); mismo tipo de grupo que ayer"
2026-09-13,08:48,CATE,solana,Ai66LHZG9MCzg1WKdawwqduVAXpNDUuV8M3uyq5ppump,53400000,30.89,119000,838900,7050.42,"+9000 (aprox)",3.1,2.43,12.30,SI,"2 de 20 (PoorGoat_ $1.52M, Erika0616 $135.5K)"
2026-09-13,08:49,PONS,robinhood,0x39dbed3a2bd333467115de45665cc57f813c4571,547800000,-13.68,93000,8225,88.44,+84,3.2,1.13,40.16,SI,"10 de 20 (unipcs, AvgJoesCrypto, RugDalio, lordarbiter, 0xnobi, carlwheezor, kyle, kingofgotham, theveeman, Samisa_btc); fila de equipo (MEADGod, $69.4K) excluida"
2026-09-13,08:49,STONK,solana,6GmAFSYs4gk3FDao5FzzySQpPZaWsa4rUJHacpMpUNgx,230500000,-1.22,64000,13800,215.63,+500,13.2,1.69,18.05,SI,"13 de 20 (pointfarmcap, The__Solstice, theveeman, 0xdetweiler, TheOnlyOMP, RZDxbt, TheDazzleNovak, Pyro, 0xElyy, xbtDLN, motiyawerey, buggyllama, retardedgains); fila de equipo (stonkfun, $27.1K) excluida; mismo grupo que ayer"
2026-09-14,08:40,AI,robinhood,0x2e8c31162b855a2ffa90f6f8634643ad6f111e18,242400000,0.11,44000,9506,216.05,+138,12.1,1.9,16.30,SI,"12 de 20 con entrada <10% del MC actual ($24.24M): DumbCrayonEater, Natan_benish, brrrgrrrz, SolSwizzle, LP1111, aki11a, jotagezin, inyourwalls, picadura, soby0x, TheGasChad, cryptochi3f_"
2026-09-14,08:41,牛来,bnb,0xbeea1d618e533a387d941f58a7d4c9b7bd377777,111700000,-13.42,68000,10900,160.29,+100,5.7,1.3,10.12,SI,"8 de 20 con entrada <10% del MC ($11.17M): Quanterty, 397397, fmpumpguy, trencHog8, GuavaGuy2001, Rowdy, Dxranteth, NDF_Sonar_trade"
2026-09-14,08:41,BOW,robinhood,0x451b42a15100c340ca12f7c66de06fac5ea2d751,8300000,32.24,7000,1261,180.14,+39,3.5,2.9,34.36,SI,"2 de 20 con entrada <10% del MC ($830K): 0xCryptoSaiyan, bjornXBT"
2026-09-14,08:41,TENDIES,robinhood,0x45242320dbb855eea8fd36804c6487e10e97fcf9,13600000,-1.83,19000,2636,138.74,+24,0.0,3.0,16.06,SI,"0 de 20 (todos los holders no-equipo tienen entrada mayor al 10% del MC actual $1.36M)"
2026-09-14,08:41,SPACEHOOD,robinhood,0xfe7e19cbce2f896c6c528bc355baf5a768291e18,2600000,-21.25,4000,2011,502.75,+32,0.8,9.0,26.31,SI,"1 de 20 con entrada <10% del MC ($260K): Natan_benish $99.4K MC"
2026-09-14,08:42,CATE,solana,Ai66LHZG9MCzg1WKdawwqduVAXpNDUuV8M3uyq5ppump,78600000,43.79,124000,854900,6893.55,+16000,4.5,2.0,12.37,SI,"4 de 20 con entrada <10% del MC ($7.86M): PoorGoat_, boosteryting, Bayc364, Erika0616"
2026-09-14,08:42,memestock,bnb,0x6ff45323817d1d53bbb8a8dfba9245ae74057777,5000000,-13.09,7000,9189,1312.71,+232,19.1,3.2,23.93,SI,"9 de 20 con entrada <10% del MC ($500K): PoorGoat_, navi9000x, rebelwithsnacks, ImChizx, CryoPalmar, boosteryting, 1aboc, letsgopenguin, solgavvv"
2026-09-14,08:43,PONS,robinhood,0x39dbed3a2bd333467115de45665cc57f813c4571,559000000,3.03,93000,8345,89.73,+120,3.2,0.9,41.12,SI,"10 de 20 con entrada <10% del MC ($55.9M): unipcs, AvgJoesCrypto, RugDalio, lordarbiter, 0xnobi, carlwheezor, kyle, kingofgotham, theveeman, Samisa_btc"
2026-09-14,08:44,STONK,solana,6GmAFSYs4gk3FDao5FzzySQpPZaWsa4rUJHacpMpUNgx,164200000,-28.24,66000,14400,218.18,+600,7.8,2.4,17.78,SI,"11 de 20 con entrada <10% del MC ($16.42M): The__Solstice, theveeman, TheOnlyOMP, RZDxbt, Pyro, TheDazzleNovak, 0xElyy, xbtDLN, motiyawerey, buggyllama, retardedgains"
2026-09-15,08:43,AI,robinhood,0x2e8c31162b855a2ffa90f6f8634643ad6f111e18,297400000,23.12,46000,9762,212.22,256,13.4,1.38,16.31,SI,"14 de 20 con entrada <10% del MC actual ($29.74M): DumbCrayonEater, Natan_benish, brrrgrrrz, SolSwizzle, notanicecat69, LP1111, aki11a, jotagezin, inyourwalls, picadura, soby0x, CardinalSaint2, TheGasChad, cryptochi3f_"
2026-09-15,08:44,PONS,robinhood,0x39dbed3a2bd333467115de45665cc57f813c4571,631300000,12.53,96000,8517,88.72,172,3.8,1.57,41.63,SI,"12 de 20 (excluyendo fila de equipo MEADGod $80K) con entrada <10% del MC actual ($63.13M): unipcs, cosby, AvgJoesCrypto, RugDalio, lordarbiter, 0xnobi, carlwheezor, kyle, kingofgotham, theveeman, Samisa_btc, sockzt"
2026-09-15,08:45,牛来,bnb,0xbeea1d618e533a387d941f58a7d4c9b7bd377777,109500000,-3.39,68000,10900,160.29,0,5.71,1.28,10.13,SI,"8 de 20 con entrada <10% del MC actual ($10.95M): Quanterty, 397397, fmpumpguy, trencHog8, GuavaGuy2001, Rowdy, Dxranteth, NDF_Sonar_trade; thesis_count mostrado redondeado (10.9K), var vs ayer aprox 0"
2026-09-15,08:46,BOW,robinhood,0x451b42a15100c340ca12f7c66de06fac5ea2d751,6200000,-24.65,7000,1294,184.86,33,3.48,3.79,34.40,SI,"2 de 20 con entrada <10% del MC actual ($620K): 0xCryptoSaiyan, bjornXBT. NOTA: posicion BOW vendida por forzosa (mapa 25, unipcs -15%) a las 08:33 segun bloque-del-dia; ficha leida igual por continuidad (universo de E0)"
2026-09-15,08:46,SPACEHOOD,robinhood,0xfe7e19cbce2f896c6c528bc355baf5a768291e18,3400000,30.05,4000,2080,520.00,69,2.8,7.64,26.70,SI,"2 de 20 con entrada <10% del MC actual ($340K): DegenToDisciple, Natan_benish (titular de la forzosa mapa 23, entero, 7.7M SPACEHOOD)"
2026-09-15,08:47,TENDIES,robinhood,0x45242320dbb855eea8fd36804c6487e10e97fcf9,13000000,-2.85,21000,2659,126.62,23,0.0,3.05,16.06,SI,"0 de 20 (todos los holders no-equipo tienen entrada mayor al 10% del MC actual $1.3M); fila de equipo (Stacco, $31.2K) excluida"
2026-09-15,08:47,memestock,bnb,0x6ff45323817d1d53bbb8a8dfba9245ae74057777,4800000,-0.78,7000,9462,1351.71,273,19.86,2.88,23.84,SI,"10 de 20 con entrada <10% del MC actual ($480K): PoorGoat_, navi9000x, rebelwithsnacks, ImChizx, CryoPalmar, boosteryting, 1aboc, letsgopenguin, solgavvv, papabearhands"
2026-09-15,08:48,CATE,solana,Ai66LHZG9MCzg1WKdawwqduVAXpNDUuV8M3uyq5ppump,65800000,-14.27,126000,866300,6875.40,11400,3.4,2.28,12.64,SI,"3 de 20 con entrada <10% del MC actual ($6.58M): PoorGoat_, Bayc364, Erika0616. NOTA: posicion CATE vendida por forzosa (ether_monk cerro su posicion) a las 08:33 segun bloque-del-dia; ficha leida igual por continuidad (universo de E0)"
2026-09-15,08:48,STONK,solana,6GmAFSYs4gk3FDao5FzzySQpPZaWsa4rUJHacpMpUNgx,159500000,-3.66,67000,14900,222.39,500,7.6,2.26,17.38,SI,"11 de 20 (excluyendo fila de equipo stonkfun $18.8K) con entrada <10% del MC actual ($15.95M): The__Solstice, theveeman, TheOnlyOMP, Pyro, TheDazzleNovak, 0xElyy, RZDxbt, xbtDLN, motiyawerey, buggyllama, retardedgains"
2026-09-16,08:42,AI,robinhood,0x2e8c31162b855a2ffa90f6f8634643ad6f111e18,269700000,-9.43,46000,9908,215.39,146,13.4,2.15,16.31,SI,"14 de 20 con entrada <10% del MC actual ($26.97M): DumbCrayonEater, Natan_benish, brrrgrrrz, SolSwizzle, notanicecat69, LP1111, aki11a, jotagezin, inyourwalls, picadura, soby0x, CardinalSaint2, TheGasChad, cryptochi3f_"
2026-09-16,08:43,PONS,robinhood,0x39dbed3a2bd333467115de45665cc57f813c4571,589100000,-6.74,96000,8683,90.45,166,3.32,1.29,41.66,SI,"11 de 20 (excluyendo fila de equipo MEADGod, entrada $390.5M) con entrada <10% del MC actual ($58.91M): unipcs, AvgJoesCrypto, RugDalio, lordarbiter, 0xnobi, carlwheezor, kyle, kingofgotham, theveeman, Samisa_btc, sockzt"
2026-09-16,08:44,牛来,bnb,0xbeea1d618e533a387d941f58a7d4c9b7bd377777,113000000,3.11,67000,11000,164.18,100,4.40,1.24,9.68,SI,"7 de 20 con entrada <10% del MC actual ($11.3M): Quanterty, fmpumpguy, trencHog8, GuavaGuy2001, Dxranteth, Rowdy, NDF_Sonar_trade. thesis_count mostrado redondeado por fomo (11K); var_thesis_vs_ayer aproximada por el mismo motivo. 1D hoy fue POSITIVO (recuperó desde -1% en la lectura de fomo-A 07:12 a +3.11% en esta lectura ~08:44, ver fomo-A para el detalle de la corrida)"
2026-09-16,08:44,BONER,robinhood,0x98096d17e191b3da1d5f99a6d7b3584351b11e18,37600000,-14.36,18000,6352,352.89,s/d,10.25,4.26,16.57,SI,"8 de 20 (excluyendo fila de equipo BonerDev, entrada $31.9M) con entrada <10% del MC actual ($3.76M): econoar, FartmanSacks, CardinalSaint2, byszzz, goosemanjones1, montyMole44, poker_kb, johnsterlacci. PRIMERA lectura de BONER en fichas-E (posición entró en cartera 15-sep 08:34): var_thesis_vs_ayer s/d, no hay fila previa"
2026-09-16,08:45,TENDIES,robinhood,0x45242320dbb855eea8fd36804c6487e10e97fcf9,11100000,-15.61,20000,2685,134.25,26,0.0,3.12,16.16,SI,"0 de 20 (todos los holders no-equipo tienen entrada mayor al 10% del MC actual $1.11M); fila de equipo (Stacco, $20.7M) excluida"
2026-09-16,08:45,SPACEHOOD,robinhood,0xfe7e19cbce2f896c6c528bc355baf5a768291e18,2400000,-26.86,4000,2101,525.25,21,0.8,9.33,26.59,SI,"1 de 20 con entrada <10% del MC actual ($240K): Natan_benish (titular de la forzosa mapa 23, entero, 7.7M SPACEHOOD)"
2026-09-16,08:46,memestock,bnb,0x6ff45323817d1d53bbb8a8dfba9245ae74057777,2500000,-48.40,7000,9852,1407.43,390,10.50,4.09,23.87,SI,"6 de 20 con entrada <10% del MC actual ($250K): navi9000x, rebelwithsnacks, 1aboc, letsgopenguin, solgavvv, papabearhands. NOTA: José vendió el 100% de su posición de memestock ~31 min antes de esta lectura (stop $3.65M perforado al cierre, confirmado en bloque-del-día de hoy); ficha leída igual por continuidad del universo de E0"
2026-09-16,08:46,STONK,solana,6GmAFSYs4gk3FDao5FzzySQpPZaWsa4rUJHacpMpUNgx,147400000,-6.39,67000,15300,228.36,400,7.30,2.44,17.53,SI,"10 de 20 (excluyendo fila de equipo stonkfun, entrada $152.9M) con entrada <10% del MC actual ($14.74M): The__Solstice, theveeman, TheOnlyOMP, Pyro, TheDazzleNovak, RZDxbt, xbtDLN, 0xElyy, buggyllama, retardedgains. thesis_count mostrado redondeado por fomo (15.3K); var_thesis_vs_ayer aproximada"
2026-09-17,08:41,AI,robinhood,0x2e8c31162b855a2ffa90f6f8634643ad6f111e18,280100000,4.01,47000,10000,212.77,92,13.1,1.43,16.31,SI,"13 de 20 con entrada <10% del MC actual ($28.01M): DumbCrayonEater, Natan_benish, brrrgrrrz, SolSwizzle, notanicecat69, LP1111, aki11a, jotagezin, inyourwalls, picadura, soby0x, CardinalSaint2, cryptochi3f_; thesis_count mostrado redondeado por fomo (10K), var_thesis_vs_ayer aproximado por el mismo motivo"
2026-09-17,08:42,PONS,robinhood,0x39dbed3a2bd333467115de45665cc57f813c4571,637100000,9.03,97000,8765,90.36,82,3.8,1.15,42.23,SI,"12 de 20 (excluyendo fila de equipo MEADGod, entrada $390.5M) con entrada <10% del MC actual ($63.71M): unipcs, cosby, AvgJoesCrypto, RugDalio, lordarbiter, 0xnobi, carlwheezor, kyle, kingofgotham, theveeman, Samisa_btc, sockzt"
2026-09-17,08:42,牛来,bnb,0xbeea1d618e533a387d941f58a7d4c9b7bd377777,104700000,-6.39,67000,11000,164.18,0,4.4,1.24,9.33,SI,"7 de 20 con entrada <10% del MC actual ($10.47M): Quanterty, fmpumpguy, trencHog8, GuavaGuy2001, Dxranteth, Rowdy, NDF_Sonar_trade; thesis_count redondeado por fomo (11K), var_thesis_vs_ayer aprox 0"
2026-09-17,08:42,BONER,robinhood,0x98096d17e191b3da1d5f99a6d7b3584351b11e18,43200000,15.60,19000,6412,337.47,60,11.2,4.40,16.54,SI,"9 de 20 (excluyendo fila de equipo BonerDev, entrada $32.4M) con entrada <10% del MC actual ($4.32M): econoar, FartmanSacks, CardinalSaint2, corleonefnf, byszzz, goosemanjones1, montyMole44, poker_kb, johnsterlacci"
2026-09-17,08:43,TENDIES,robinhood,0x45242320dbb855eea8fd36804c6487e10e97fcf9,12500000,13.65,20000,2707,135.35,22,0.0,3.14,16.07,SI,"0 de 20 (todos los holders no-equipo tienen entrada mayor al 10% del MC actual $1.25M); fila de equipo (Stacco, $20.7M) excluida"
2026-09-17,08:43,SPACEHOOD,robinhood,0xfe7e19cbce2f896c6c528bc355baf5a768291e18,3000000,21.26,5000,2138,427.60,37,2.8,7.99,17.74,SI,"2 de 20 con entrada <10% del MC actual ($300K): DegenToDisciple, Natan_benish (titular de la forzosa mapa 23, entero, 7.7M SPACEHOOD)"
2026-09-17,08:43,STONK,solana,6GmAFSYs4gk3FDao5FzzySQpPZaWsa4rUJHacpMpUNgx,179300000,21.40,72000,15600,216.67,300,7.6,2.57,17.63,SI,"11 de 20 (excluyendo fila de equipo stonkfun, entrada $152.6M) con entrada <10% del MC actual ($17.93M): The__Solstice, theveeman, TheOnlyOMP, Pyro, RZDxbt, TheDazzleNovak, motiyawerey, xbtDLN, buggyllama, 0xElyy, retardedgains"
2026-09-18,08:38,PONS,robinhood,0x39dbed3a2bd333467115de45665cc57f813c4571,698200000,8.65,97000,s/d,s/d,s/d,s/d,0.96,43.03,SI,"1D +8.65% = Cambio 24h cabecera +8.65% exacto. thesis_count s/d: panel Holders/Tesis con contador no se renderizó en la ficha de posición propia (reemplazado por widget de compra); overhang s/d por el mismo motivo (no se pudo aislar el top 20 sin filtro dentro del presupuesto de esta corrida)"
2026-09-18,08:39,AI,robinhood,0x2e8c31162b855a2ffa90f6f8634643ad6f111e18,353300000,26.85,48000,s/d,s/d,s/d,s/d,1.73,15.73,SI,"1D +26.85% = Cambio 24h cabecera +26.85% exacto. thesis_count/overhang s/d (ver nota PONS misma fecha)"
2026-09-18,08:40,MarsCoin,bnb,0xfe189e97832da1573e4e4ff034f4ffc3a15c7777,108200000,0.06,47000,s/d,s/d,s/d,s/d,0.92,12.79,SI,"1D +0.06% = Cambio 24h cabecera +0.06% exacto. thesis_count/overhang s/d (ver nota PONS misma fecha)"
2026-09-18,08:41,牛来,bnb,0xbeea1d618e533a387d941f58a7d4c9b7bd377777,114900000,8.00,67000,s/d,s/d,s/d,s/d,1.31,9.21,SI,"1D +8.00% = Cambio 24h cabecera +8.00% exacto. thesis_count/overhang s/d (ver nota PONS misma fecha)"
2026-09-18,08:42,BONER,robinhood,0x98096d17e191b3da1d5f99a6d7b3584351b11e18,58500000,35.07,19000,s/d,s/d,s/d,s/d,3.25,16.56,SI,"1D +35.07% = Cambio 24h cabecera +35.07% exacto. thesis_count/overhang s/d (ver nota PONS misma fecha)"
2026-09-18,08:43,STANDARD,robinhood,0x88ad8ddf1e3898412146a534538d418c6f8a9062,23800000,-14.55,6000,s/d,s/d,s/d,s/d,23.95,13.77,SI,"1D -14.55% = Cambio 24h cabecera -14.55% exacto. Primera ficha-E de STANDARD (sin fila previa): var_thesis_vs_ayer s/d por eso ademas del motivo general. thesis_count/overhang s/d (ver nota PONS misma fecha)"
2026-09-18,08:44,SPACEHOOD,robinhood,0xfe7e19cbce2f896c6c528bc355baf5a768291e18,4400000,47.24,5000,s/d,s/d,s/d,s/d,6.81,17.54,SI,"1D +47.24% = Cambio 24h cabecera +47.24% exacto. thesis_count/overhang s/d (ver nota PONS misma fecha)"
2026-09-18,08:45,STONK,solana,6GmAFSYs4gk3FDao5FzzySQpPZaWsa4rUJHacpMpUNgx,222000000,25.21,74000,s/d,s/d,s/d,s/d,2.30,17.69,SI,"1D +25.21% = Cambio 24h cabecera +25.21% exacto. thesis_count/overhang s/d (ver nota PONS misma fecha)"
2026-09-19,08:47,PONS,robinhood,0x39dbed3a2bd333467115de45665cc57f813c4571,658100000,-5.84,98000,8988,91.71,s/d,3.9,0.93,42.33,SI,"1D -5.84% = Cambio 24h cabecera -5.84% exacto. Overhang: 14 holders con entrada <10% del MC actual (unipcs, AvgJoesCrypto, cosby, RugDalio, lordarbiter, 0xnobi, carlwheezor, kyle, kingofgotham, theveeman, Samisa_btc, sockzt, seralberttrades, moishale) = 3.9% supply. thesis_count leído del contador de la pestaña Tesis (8,988)."
2026-09-19,08:42,AI,robinhood,0x2e8c31162b855a2ffa90f6f8634643ad6f111e18,295100000,-16.37,50000,10500,210.00,s/d,14.2,1.02,15.73,SI,"1D -16.37% = Cambio 24h cabecera exacto. thesis_count aproximado por fomo como '10.5K' (contador redondeado). Overhang: 17 holders con entrada <$29.5M (10% del MC) = 14.2% supply (DumbCrayonEater, Natan_benish, brrrgrrrz, SolSwizzle, notanicecat69, LP1111, aki11a, jotagezin, inyourwalls, picadura, soby0x, CardinalSaint2, cryptochi3f_, TheGasChad, LehmanFarters, figaro, CoinGurruu)."
2026-09-19,08:44,MarsCoin,bnb,0xfe189e97832da1573e4e4ff034f4ffc3a15c7777,103500000,-4.31,47000,13200,280.85,s/d,0.7,1.06,12.77,SI,"1D -4.31% = Cambio 24h cabecera exacto. thesis_count aproximado '13.2K'. Overhang: solo 2 holders con entrada <$10.35M (smokey0x $388.7K, ChudThaTrader $5M) = 0.7% supply; resto de holders grandes entraron por encima del 10% del MC actual."
2026-09-19,08:46,牛来,bnb,0xbeea1d618e533a387d941f58a7d4c9b7bd377777,112100000,-2.25,66000,11100,168.18,s/d,4.3,1.25,9.21,SI,"1D -2.25% = Cambio 24h cabecera exacto. thesis_count aproximado '11.1K'. Overhang: 8 holders con entrada <$11.21M (Quanterty, fmpumpguy, trencHog8, GuavaGuy2001, Dxranteth, Rowdy, NDF_Sonar_trade, DNS_ERR) = 4.3% supply."
2026-09-19,08:41,BONER,robinhood,0x98096d17e191b3da1d5f99a6d7b3584351b11e18,50300000,-15.14,19000,6640,349.47,s/d,12.2,3.38,16.56,SI,"1D -15.14% = Cambio 24h cabecera exacto. Overhang: 12 holders con entrada <$5.03M (econoar, FartmanSacks, CardinalSaint2, byszzz, corleonefnf, goosemanjones1, montyMole44, achilles_bull, johnsterlacci, justtesting, Stanks, facap) = 12.2% supply; no se contó la posesión del equipo (BonerDev, allocation separada)."
2026-09-19,08:48,STANDARD,robinhood,0x88ad8ddf1e3898412146a534538d418c6f8a9062,26300000,11.19,6000,2355,392.50,s/d,0.0,23.19,14.39,SI,"1D +11.19% = Cambio 24h cabecera exacto. Overhang: 0% — token de 4 días, todos los holders grandes entraron con MC de $22-34M (por encima del umbral de $2.63M), ninguno calificó como sniper temprano."
2026-09-19,08:49,SPACEHOOD,robinhood,0xfe7e19cbce2f896c6c528bc355baf5a768291e18,3900000,-10.31,5000,2242,448.40,s/d,3.3,7.36,17.96,SI,"1D -10.31% = Cambio 24h cabecera exacto. Overhang: 3 holders con entrada <$390K (DegenToDisciple, Natan_benish, HardcoreHenry74) = 3.3% supply."
2026-09-19,08:50,STONK,solana,6GmAFSYs4gk3FDao5FzzySQpPZaWsa4rUJHacpMpUNgx,203800000,-8.05,74000,16300,220.27,s/d,8.0,2.26,17.76,SI,1D -8.05% = Cambio 24h cabecera exacto (fluctuó 203.4-203.8M durante la lectura). thesis_count aproximado '16.3K'. Overhang: 13 holders con entrada <$20.38M = 8.0% supply; no se contó la posesión del equipo (stonkfun).
