fecha,hora,token,tipo_salida,nivel_salida,recibido_usd,invertido_usd,pnl_usd,max_72h_post,min_72h_post,plata_en_la_mesa_usd,calidad,estado,nota
2026-08-31,s/d,牛来,TP,$104.6M MC promedio (entrada $58.6M),s/d,s/d,+77.5%,$115.3M (2-sep),$66.5M (3-sep),~10% del valor vendido,buena,cerrado,salio antes del techo y 14% arriba de donde cotizaba el 3-sep; unipcs distribuia
2026-09-01,s/d,MarsCoin,TP1+TP2,TP1 $0.057; TP2 s/d (entrada $0.039-0.044),s/d,266.46 (total),capital retirado; cola gratis,$0.195 cierre max (4-sep),s/d,grande en el tramo vendido; la cola compenso,buena por diseño,cerrado,la regla que mas plata hizo fue NO vender la cola
2026-09-03,05:11,MarsCoin,venta discrecional de mitad de cola,$0.111 (salto Evento Meme Binance),~52.29,0 (cola gratis),+52.29,$0.195 (4-sep) = cola x1.76,s/d,~39.60 (la mitad vendida valdria $91.9 al maximo),regular,cerrado,vendio en la vela del catalizador; el token siguio +76% en 29h
2026-09-04,17:00,SPACEHOOD,stop mental,$6.5M MC (barrido 15:15 la vio en $5.5M),4.33,9.27,-4.94,s/d,$5.3M (5-sep),0,buena,cerrado,ejecucion del nivel; no capitulacion; eric.eth vendio al mismo MC
2026-09-07,21:30,SHROOM,venta tardia bajo stop,MC ~$25.8M (stop era cierre <$27M; minimo del dia $24.2M),33.47,41.25,-7.78,pendiente (resuelve 10-sep 21:30),pendiente,pendiente,pendiente,abierto 72h,Jose primero dijo que no queria vender; vendio la misma noche. MÉTRICAS-E lee el MC del token los 3 dias siguientes
2026-09-06,s/d,PENGU,venta discrecional (sin stop ni TP tocado),$688.7M MC / ~$0.00866 (stop $0.0073; TP1 $0.01433),141.45,145.96,-4.51,pendiente (resuelve 9-sep),pendiente,pendiente,pendiente,abierto 72h,Jose vendio toda la posicion por decision propia; 8-sep 05:00 ether_monk vendio 2x$83K a $662-665M y PENGU cotiza ~$662M: hasta ahora la salida gana. Libero $141 que ese dia se desplegaron en 4 tokens fuera de mapa
2026-09-09,05:36,CETS,stop (cierre 8-sep <$15M),$13.2M MC (stop $15M; cierre 8-sep ~$13.2-13.5M),11.49,18.91,-7.42,pendiente (resuelve 12-sep 05:36),pendiente,pendiente,pendiente,abierto 72h,"stop perforado al cierre del 8-sep; ejecutado 8.5h despues (a la manana siguiente), mismo nivel que al cierre. Overhang 19.8%, ticket vendedor 3:1"
2026-09-09,05:37,FATCOIN,stop (cierre 8-sep <$15M),$14.7M MC (stop $15M),6.93,9.32,-2.39,pendiente (resuelve 12-sep 05:37),pendiente,pendiente,pendiente,abierto 72h,"unica entrada dentro de mapa de la semana (mapa 13, sonda). ether_monk siguio promediando hasta $12.1M; se anota ""la ballena tenia razon"" solo si vuelve sobre $20M en 72h"
2026-09-09,05:41,microduck,stop de cola (cierre 8-sep <$0.020),$0.0162 / $16.2M MC (stop $0.020),4.96,17.90 (ciclo: TP1+TP2 ya cobrados),"ciclo completo: capital retirado en TP1/TP2, cola cerrada +$4.96",pendiente (resuelve 12-sep 05:41),pendiente,pendiente,pendiente,abierto 72h,cola gratis; fuera de la banda $24-28M desde el 7-sep; lockup SPCX 9-sep en contra
